FIPS,population
031 , 62
037 , 29
039 , 27
041 , 60
045 , 22
049 , 86
053 , 9
057 , 64
061 , 95
067 , 31
075 , 53
077 , 38
079 , 20
001 , 86
003 , 43
005 , 95
007 , 39
009 , 27
011 , 80
023 , 15
025 , 54
027 , 61
033 , 96
035 , 20
043 , 33
047 , 27
051 , 70
055 , 31
059 , 16
063 , 73
065 , 84
071 , 51
073 , 81
085 , 16
087 , 76
089 , 25
091 , 77
095 , 7
097 , 93
099 , 90
107 , 33
109 , 64
113 , 76
115 , 91
117 , 20
119 , 13
121 , 14
129 , 89
131 , 5
013 , 7
015 , 16
017 , 47
019 , 94
021 , 51
123 , 37
125 , 74
127 , 19
133 , 17
101 , 85
069 , 29
081 , 47
083 , 6
093 , 74
103 , 0
105 , 92
111 , 85
013 , 9
016 , 37
020 , 54
050 , 48
060 , 65
068 , 74
070 , 9
090 , 97
105 , 11
110 , 40
122 , 35
130 , 39
164 , 9
170 , 17
180 , 35
185 , 41
188 , 93
220 , 18
240 , 82
270 , 40
275 , 99
290 , 25
195 , 14
198 , 65
230 , 14
261 , 2
282 , 78
100 , 0
150 , 5
001 , 90
003 , 6
005 , 30
007 , 14
009 , 55
011 , 42
012 , 67
013 , 56
015 , 51
017 , 24
019 , 70
021 , 10
023 , 45
025 , 43
027 , 19
049 , 5
051 , 22
053 , 80
055 , 99
059 , 26
065 , 8
071 , 1
075 , 66
077 , 20
001 , 99
003 , 5
005 , 29
007 , 78
011 , 32
013 , 42
017 , 12
019 , 38
021 , 63
029 , 47
037 , 45
039 , 7
041 , 78
045 , 96
057 , 13
061 , 22
063 , 45
067 , 6
069 , 35
073 , 78
081 , 38
085 , 0
091 , 33
093 , 11
095 , 69
097 , 66
099 , 57
103 , 1
107 , 38
109 , 77
117 , 3
121 , 39
131 , 95
133 , 64
139 , 30
145 , 24
147 , 70
009 , 87
015 , 70
023 , 45
025 , 81
027 , 20
031 , 52
033 , 26
035 , 57
043 , 90
047 , 23
143 , 68
149 , 3
079 , 89
083 , 23
087 , 84
089 , 33
101 , 64
105 , 25
111 , 71
113 , 22
115 , 7
119 , 6
123 , 14
125 , 94
127 , 45
129 , 46
135 , 62
137 , 90
141 , 54
035 , 32
049 , 45
075 , 47
083 , 90
091 , 77
095 , 95
101 , 63
105 , 97
111 , 58
115 , 63
033 , 32
071 , 40
087 , 88
001 , 62
003 , 39
005 , 15
007 , 99
009 , 47
011 , 40
013 , 99
015 , 8
017 , 28
019 , 54
021 , 83
023 , 89
025 , 7
027 , 46
029 , 90
031 , 53
037 , 60
039 , 22
041 , 46
043 , 21
045 , 19
047 , 81
051 , 67
053 , 14
055 , 39
057 , 61
059 , 25
061 , 65
063 , 48
065 , 2
067 , 12
069 , 39
073 , 47
077 , 33
079 , 4
081 , 69
085 , 17
089 , 62
093 , 22
097 , 88
099 , 29
103 , 72
107 , 57
109 , 31
113 , 19
053 , 75
061 , 48
063 , 44
071 , 47
073 , 94
075 , 56
079 , 11
085 , 95
087 , 36
089 , 4
095 , 88
099 , 75
101 , 56
103 , 36
105 , 89
001 , 52
003 , 27
005 , 59
007 , 21
009 , 43
011 , 3
013 , 18
015 , 18
019 , 38
023 , 72
027 , 3
029 , 8
031 , 97
035 , 89
037 , 35
049 , 4
051 , 69
055 , 54
057 , 67
059 , 76
065 , 78
067 , 55
069 , 21
077 , 90
081 , 96
083 , 92
091 , 65
093 , 22
097 , 92
107 , 92
109 , 23
111 , 59
113 , 93
117 , 96
014 , 92
017 , 13
021 , 49
025 , 78
033 , 68
039 , 93
041 , 95
043 , 53
045 , 71
047 , 85
115 , 63
119 , 94
121 , 6
123 , 66
125 , 40
001 , 65
003 , 57
005 , 76
007 , 37
009 , 84
011 , 64
013 , 32
015 , 38
001 , 47
003 , 29
005 , 82
001 , 59
013 , 1
015 , 90
019 , 39
021 , 4
027 , 64
035 , 15
067 , 79
081 , 26
085 , 98
087 , 10
091 , 85
099 , 59
105 , 65
107 , 5
109 , 68
111 , 59
043 , 62
049 , 68
051 , 93
053 , 24
059 , 23
061 , 99
001 , 8
003 , 13
005 , 39
007 , 93
009 , 61
011 , 32
029 , 83
031 , 54
033 , 26
037 , 26
039 , 9
041 , 37
045 , 66
047 , 87
055 , 85
057 , 7
063 , 75
065 , 57
069 , 14
071 , 36
073 , 16
077 , 5
079 , 80
083 , 21
086 , 33
089 , 20
093 , 28
095 , 32
097 , 91
101 , 92
103 , 45
113 , 86
117 , 83
119 , 57
121 , 90
123 , 88
125 , 33
129 , 38
133 , 12
115 , 19
131 , 29
017 , 23
075 , 28
127 , 96
023 , 64
057 , 13
059 , 38
061 , 70
063 , 32
065 , 9
001 , 99
007 , 87
009 , 26
013 , 36
015 , 77
019 , 13
021 , 41
025 , 65
027 , 5
029 , 83
033 , 5
039 , 34
049 , 31
051 , 44
075 , 83
079 , 28
081 , 31
089 , 35
103 , 59
105 , 39
107 , 78
113 , 4
121 , 90
127 , 51
131 , 89
135 , 38
137 , 90
141 , 8
149 , 91
151 , 96
163 , 36
171 , 89
179 , 7
183 , 11
185 , 55
189 , 97
191 , 43
195 , 69
201 , 7
213 , 89
217 , 42
219 , 65
221 , 52
223 , 57
229 , 89
241 , 30
245 , 97
249 , 53
251 , 85
267 , 24
269 , 19
271 , 3
285 , 9
289 , 68
291 , 12
301 , 10
303 , 39
305 , 4
309 , 72
313 , 40
317 , 78
319 , 45
003 , 98
005 , 78
011 , 24
017 , 82
023 , 6
031 , 74
035 , 21
037 , 99
043 , 29
045 , 50
047 , 48
053 , 92
055 , 49
077 , 50
083 , 10
085 , 65
087 , 40
091 , 95
093 , 65
095 , 81
097 , 25
099 , 47
101 , 50
109 , 80
111 , 64
115 , 91
117 , 83
119 , 64
067 , 90
069 , 99
071 , 23
073 , 61
139 , 86
143 , 34
145 , 2
147 , 28
153 , 15
155 , 61
157 , 23
159 , 99
161 , 75
165 , 56
167 , 69
169 , 16
173 , 84
175 , 93
177 , 27
181 , 27
123 , 58
125 , 29
129 , 55
133 , 53
187 , 78
193 , 45
197 , 61
199 , 73
205 , 97
225 , 91
227 , 32
231 , 90
233 , 31
235 , 29
207 , 46
209 , 80
211 , 11
215 , 15
255 , 80
257 , 68
259 , 39
261 , 48
263 , 18
265 , 34
273 , 57
275 , 56
277 , 13
279 , 78
281 , 19
283 , 89
287 , 46
237 , 34
239 , 48
243 , 26
247 , 89
253 , 14
311 , 19
315 , 27
321 , 80
293 , 32
295 , 61
297 , 32
299 , 13
307 , 64
001 , 44
003 , 99
005 , 11
007 , 81
009 , 68
075 , 78
081 , 57
025 , 71
087 , 85
001 , 27
003 , 1
005 , 22
007 , 63
009 , 18
011 , 62
013 , 26
015 , 50
021 , 86
023 , 26
029 , 17
035 , 77
037 , 54
039 , 93
041 , 70
043 , 38
049 , 85
059 , 12
061 , 13
063 , 14
069 , 91
073 , 88
077 , 81
079 , 15
083 , 49
085 , 53
017 , 38
019 , 4
027 , 14
031 , 63
033 , 9
045 , 67
047 , 91
051 , 77
053 , 84
055 , 1
057 , 85
065 , 35
067 , 89
071 , 95
051 , 93
053 , 32
055 , 39
057 , 16
061 , 61
063 , 97
003 , 42
005 , 97
017 , 26
023 , 32
027 , 25
031 , 25
043 , 74
059 , 98
079 , 63
097 , 83
101 , 26
123 , 70
125 , 81
129 , 45
147 , 9
153 , 11
161 , 92
165 , 76
181 , 78
185 , 76
189 , 5
197 , 46
001 , 81
007 , 22
009 , 59
011 , 2
013 , 61
015 , 61
019 , 39
021 , 50
025 , 36
029 , 82
033 , 13
035 , 90
037 , 24
039 , 62
041 , 95
045 , 93
047 , 97
049 , 5
103 , 86
105 , 76
107 , 98
109 , 60
111 , 69
113 , 78
115 , 81
065 , 35
067 , 22
069 , 25
071 , 39
073 , 86
075 , 73
077 , 83
081 , 44
083 , 69
085 , 21
087 , 56
089 , 31
091 , 5
093 , 48
095 , 74
099 , 22
163 , 7
167 , 93
169 , 59
171 , 59
173 , 9
117 , 34
119 , 25
121 , 80
127 , 35
131 , 74
133 , 89
135 , 26
137 , 83
139 , 93
141 , 11
143 , 40
145 , 45
149 , 20
151 , 89
155 , 0
157 , 82
159 , 7
175 , 47
177 , 96
179 , 42
183 , 68
187 , 60
191 , 13
193 , 22
195 , 69
199 , 43
201 , 78
203 , 63
025 , 5
029 , 89
031 , 3
035 , 20
037 , 12
039 , 14
041 , 77
043 , 45
045 , 33
047 , 87
053 , 74
055 , 75
057 , 46
059 , 24
063 , 91
065 , 68
069 , 82
073 , 61
075 , 7
077 , 78
079 , 32
081 , 49
085 , 44
087 , 97
001 , 24
007 , 16
017 , 85
027 , 72
033 , 1
049 , 77
051 , 84
061 , 65
067 , 95
071 , 45
083 , 29
093 , 5
107 , 15
123 , 43
125 , 16
131 , 97
145 , 44
147 , 42
161 , 82
175 , 34
179 , 64
181 , 31
003 , 45
005 , 38
009 , 96
011 , 3
013 , 96
015 , 0
019 , 2
021 , 39
023 , 23
105 , 38
109 , 65
111 , 97
113 , 18
115 , 6
117 , 9
119 , 2
121 , 66
127 , 54
149 , 54
151 , 59
153 , 58
155 , 3
157 , 39
159 , 34
163 , 69
129 , 70
133 , 98
135 , 61
137 , 91
139 , 29
141 , 89
143 , 85
089 , 57
091 , 11
095 , 89
097 , 87
099 , 67
101 , 53
103 , 24
165 , 17
167 , 37
169 , 68
171 , 64
173 , 88
177 , 75
183 , 9
185 , 90
187 , 76
189 , 32
191 , 25
193 , 21
195 , 67
197 , 87
003 , 14
005 , 29
007 , 24
039 , 62
041 , 21
043 , 94
047 , 69
049 , 33
051 , 24
053 , 58
057 , 44
059 , 92
061 , 36
063 , 19
065 , 93
069 , 15
071 , 60
073 , 32
075 , 86
011 , 70
013 , 59
015 , 54
017 , 36
019 , 79
023 , 49
025 , 11
027 , 92
029 , 45
031 , 55
035 , 87
037 , 90
001 , 5
009 , 16
021 , 84
033 , 5
045 , 40
055 , 69
067 , 95
081 , 65
099 , 61
111 , 38
117 , 12
131 , 31
141 , 11
157 , 86
163 , 68
175 , 48
121 , 54
123 , 75
125 , 95
127 , 91
129 , 58
133 , 71
135 , 62
137 , 97
139 , 77
143 , 12
145 , 31
147 , 72
149 , 61
151 , 51
153 , 6
155 , 62
077 , 67
079 , 55
083 , 86
085 , 42
087 , 82
089 , 68
091 , 90
093 , 25
095 , 91
097 , 45
101 , 77
103 , 70
105 , 58
107 , 81
109 , 33
113 , 48
115 , 79
119 , 78
159 , 54
161 , 35
165 , 85
167 , 46
169 , 0
171 , 65
173 , 37
177 , 58
179 , 12
181 , 32
183 , 70
021 , 30
023 , 76
025 , 63
027 , 90
029 , 20
031 , 28
035 , 26
037 , 10
039 , 55
041 , 55
043 , 78
045 , 91
049 , 60
051 , 46
053 , 40
057 , 25
059 , 78
061 , 53
063 , 45
065 , 46
069 , 35
071 , 15
073 , 0
075 , 30
077 , 63
079 , 7
083 , 48
085 , 69
001 , 12
003 , 95
017 , 4
033 , 72
047 , 63
055 , 56
067 , 9
081 , 61
093 , 39
097 , 99
113 , 46
129 , 12
143 , 33
149 , 25
161 , 89
165 , 47
171 , 38
185 , 62
187 , 24
189 , 91
193 , 1
203 , 0
005 , 14
007 , 59
009 , 24
011 , 84
013 , 81
015 , 14
019 , 54
087 , 30
089 , 55
091 , 9
095 , 35
099 , 82
101 , 31
103 , 12
105 , 32
157 , 44
159 , 68
163 , 14
167 , 72
169 , 12
173 , 70
175 , 48
177 , 7
179 , 73
107 , 60
109 , 2
111 , 3
115 , 45
117 , 85
119 , 74
121 , 21
123 , 66
125 , 99
127 , 82
131 , 45
133 , 1
135 , 34
137 , 96
139 , 98
141 , 76
145 , 99
147 , 62
151 , 19
153 , 64
155 , 38
181 , 43
183 , 44
191 , 25
195 , 40
197 , 92
199 , 23
201 , 49
205 , 46
207 , 70
209 , 36
183 , 68
185 , 37
187 , 73
189 , 82
191 , 4
193 , 2
195 , 99
197 , 54
199 , 22
201 , 33
203 , 53
205 , 22
209 , 47
213 , 68
217 , 84
229 , 74
235 , 34
237 , 66
239 , 32
207 , 35
211 , 66
215 , 45
219 , 87
221 , 93
223 , 9
225 , 91
227 , 76
231 , 90
233 , 73
007 , 51
009 , 24
015 , 60
019 , 85
021 , 1
023 , 37
001 , 55
003 , 48
005 , 75
013 , 95
017 , 40
025 , 98
027 , 5
029 , 96
031 , 10
033 , 0
043 , 18
049 , 52
051 , 85
055 , 99
059 , 71
061 , 10
067 , 64
071 , 84
079 , 82
085 , 99
089 , 0
093 , 59
095 , 49
097 , 69
101 , 64
107 , 30
109 , 22
115 , 87
119 , 55
121 , 58
123 , 78
125 , 80
131 , 96
133 , 23
135 , 41
139 , 52
151 , 4
153 , 38
155 , 68
165 , 24
167 , 85
169 , 37
175 , 26
177 , 67
179 , 58
035 , 48
037 , 59
039 , 90
041 , 77
045 , 65
047 , 17
087 , 61
091 , 67
099 , 96
103 , 6
105 , 35
111 , 77
113 , 42
117 , 38
053 , 5
057 , 20
063 , 6
069 , 97
073 , 60
075 , 17
077 , 73
081 , 23
083 , 47
129 , 55
137 , 26
141 , 29
143 , 28
145 , 26
147 , 22
149 , 76
159 , 25
011 , 81
157 , 9
161 , 22
163 , 71
171 , 75
173 , 6
181 , 53
065 , 53
127 , 35
047 , 32
049 , 47
059 , 9
061 , 8
069 , 87
073 , 82
079 , 62
083 , 13
087 , 31
089 , 89
093 , 2
095 , 76
101 , 26
115 , 68
121 , 66
125 , 85
021 , 4
075 , 5
119 , 4
001 , 4
003 , 22
005 , 79
007 , 53
009 , 25
013 , 56
015 , 33
017 , 57
025 , 89
029 , 19
031 , 55
033 , 98
035 , 65
037 , 81
039 , 38
041 , 28
045 , 49
051 , 23
053 , 95
055 , 83
057 , 97
063 , 44
065 , 58
067 , 30
071 , 71
077 , 95
081 , 59
085 , 28
091 , 31
097 , 53
099 , 2
103 , 46
105 , 25
107 , 45
109 , 74
111 , 79
113 , 54
117 , 79
123 , 13
127 , 50
011 , 1
019 , 77
023 , 4
027 , 98
043 , 45
001 , 48
003 , 86
005 , 61
007 , 35
009 , 26
011 , 33
013 , 43
015 , 42
017 , 17
019 , 65
021 , 96
023 , 36
025 , 47
027 , 13
029 , 85
031 , 75
001 , 5
003 , 83
005 , 62
009 , 99
011 , 45
013 , 20
015 , 3
017 , 70
019 , 22
021 , 0
023 , 30
025 , 67
027 , 63
029 , 61
031 , 90
033 , 16
035 , 12
037 , 21
039 , 47
041 , 32
043 , 91
045 , 14
047 , 96
510 , 59
001 , 30
003 , 13
005 , 7
007 , 80
009 , 47
011 , 17
013 , 11
015 , 28
017 , 72
019 , 93
021 , 22
023 , 45
025 , 31
027 , 80
067 , 87
069 , 65
071 , 2
075 , 2
077 , 51
079 , 40
001 , 11
003 , 54
007 , 66
013 , 24
017 , 70
029 , 4
033 , 33
039 , 37
041 , 88
047 , 70
055 , 6
061 , 28
063 , 94
073 , 45
083 , 24
089 , 93
097 , 22
099 , 93
103 , 60
107 , 15
109 , 75
115 , 36
129 , 73
135 , 97
141 , 44
147 , 26
163 , 22
165 , 68
005 , 44
009 , 87
011 , 60
015 , 4
019 , 22
021 , 16
023 , 35
025 , 78
027 , 32
031 , 7
035 , 60
037 , 85
043 , 34
045 , 56
049 , 17
051 , 42
057 , 82
059 , 72
065 , 56
139 , 55
143 , 33
145 , 18
149 , 80
151 , 1
153 , 58
081 , 29
085 , 20
087 , 62
091 , 41
093 , 12
095 , 41
101 , 96
105 , 7
111 , 45
113 , 33
117 , 91
119 , 13
121 , 72
123 , 35
125 , 29
127 , 31
131 , 49
133 , 53
137 , 89
155 , 83
157 , 89
159 , 44
161 , 1
053 , 31
055 , 29
057 , 87
059 , 57
063 , 91
065 , 18
067 , 55
071 , 26
001 , 92
013 , 75
015 , 2
021 , 30
023 , 2
027 , 30
031 , 67
033 , 27
051 , 93
053 , 80
061 , 78
069 , 12
073 , 1
075 , 50
077 , 93
083 , 99
089 , 6
097 , 92
103 , 35
107 , 92
113 , 88
119 , 29
125 , 82
127 , 68
129 , 0
137 , 81
139 , 72
145 , 37
163 , 61
167 , 94
171 , 29
173 , 27
003 , 82
005 , 42
007 , 71
009 , 90
011 , 29
017 , 67
019 , 90
025 , 87
029 , 17
035 , 1
037 , 70
039 , 30
041 , 95
043 , 76
045 , 42
047 , 16
049 , 9
147 , 50
149 , 86
151 , 75
153 , 86
155 , 28
157 , 86
159 , 5
165 , 53
079 , 14
081 , 4
085 , 93
087 , 51
091 , 11
093 , 34
095 , 13
099 , 12
101 , 55
105 , 52
109 , 32
111 , 76
115 , 9
117 , 0
121 , 44
123 , 49
131 , 66
133 , 90
135 , 88
141 , 28
143 , 55
169 , 25
161 , 2
027 , 7
029 , 9
031 , 71
035 , 46
037 , 86
041 , 3
043 , 14
045 , 45
047 , 53
057 , 62
059 , 41
061 , 15
063 , 72
065 , 24
069 , 47
071 , 4
073 , 35
075 , 66
077 , 30
001 , 7
003 , 48
007 , 31
009 , 60
011 , 64
017 , 74
021 , 94
033 , 6
039 , 33
049 , 17
051 , 38
053 , 95
055 , 26
067 , 3
083 , 31
087 , 76
089 , 35
099 , 28
109 , 87
121 , 41
137 , 55
143 , 58
149 , 17
151 , 58
157 , 61
159 , 97
163 , 86
005 , 14
013 , 88
015 , 74
019 , 40
023 , 6
025 , 21
097 , 57
101 , 72
103 , 93
105 , 27
107 , 6
111 , 80
113 , 62
115 , 43
117 , 92
119 , 95
123 , 24
145 , 46
147 , 11
153 , 10
155 , 15
161 , 38
129 , 55
125 , 3
127 , 28
131 , 78
133 , 60
135 , 80
139 , 30
141 , 46
079 , 42
081 , 48
085 , 64
091 , 67
093 , 44
095 , 47
053 , 87
055 , 67
059 , 66
061 , 13
063 , 30
065 , 92
067 , 68
071 , 55
001 , 9
013 , 92
017 , 94
023 , 93
027 , 67
029 , 25
031 , 46
033 , 87
041 , 9
057 , 91
069 , 93
075 , 95
087 , 32
095 , 58
099 , 49
103 , 41
115 , 65
137 , 91
143 , 23
157 , 38
167 , 35
171 , 78
183 , 6
185 , 21
189 , 47
195 , 65
199 , 49
207 , 99
225 , 91
003 , 79
005 , 24
007 , 70
009 , 27
011 , 36
015 , 27
019 , 92
021 , 85
025 , 74
035 , 5
037 , 33
039 , 95
043 , 85
045 , 56
047 , 87
049 , 25
051 , 52
127 , 67
129 , 2
131 , 52
133 , 89
135 , 60
139 , 11
073 , 17
077 , 37
079 , 61
081 , 4
083 , 97
085 , 88
089 , 68
091 , 89
093 , 6
097 , 95
101 , 51
105 , 87
107 , 82
109 , 97
111 , 77
113 , 28
117 , 72
119 , 23
121 , 78
123 , 1
125 , 40
197 , 41
201 , 55
203 , 12
205 , 57
209 , 53
211 , 61
213 , 63
215 , 2
141 , 88
145 , 34
147 , 3
149 , 80
151 , 42
153 , 96
155 , 34
159 , 92
161 , 47
163 , 74
165 , 20
169 , 31
173 , 39
175 , 22
177 , 31
179 , 89
181 , 58
186 , 83
187 , 16
510 , 88
217 , 5
219 , 69
221 , 90
223 , 43
227 , 0
229 , 72
001 , 77
003 , 21
005 , 28
007 , 74
009 , 72
011 , 42
013 , 79
015 , 7
017 , 51
019 , 14
021 , 88
023 , 60
027 , 6
029 , 92
031 , 91
033 , 21
035 , 22
039 , 2
043 , 79
045 , 39
047 , 96
049 , 82
053 , 1
055 , 57
057 , 36
059 , 92
061 , 86
069 , 99
071 , 97
073 , 67
077 , 77
081 , 98
083 , 35
085 , 29
089 , 13
093 , 7
099 , 61
105 , 18
091 , 40
095 , 91
097 , 24
101 , 89
103 , 29
107 , 68
109 , 47
111 , 20
025 , 65
037 , 41
041 , 58
051 , 11
063 , 48
065 , 62
067 , 71
075 , 70
079 , 93
087 , 7
051 , 4
053 , 83
055 , 99
057 , 50
059 , 59
063 , 58
065 , 32
001 , 96
029 , 79
033 , 10
049 , 43
061 , 37
075 , 19
091 , 3
101 , 66
113 , 3
125 , 85
151 , 37
163 , 38
171 , 19
003 , 24
005 , 87
007 , 93
009 , 31
011 , 82
013 , 45
015 , 65
017 , 70
019 , 21
021 , 6
023 , 31
025 , 54
027 , 58
031 , 32
035 , 52
037 , 1
039 , 15
041 , 56
043 , 97
045 , 10
047 , 19
103 , 21
105 , 21
107 , 9
109 , 43
111 , 32
115 , 51
117 , 44
119 , 73
121 , 82
123 , 2
127 , 56
129 , 53
131 , 38
133 , 39
067 , 22
069 , 25
071 , 37
073 , 67
077 , 1
079 , 20
081 , 16
083 , 88
085 , 22
087 , 23
089 , 68
093 , 74
095 , 61
097 , 81
099 , 17
165 , 26
167 , 37
169 , 76
173 , 32
175 , 8
177 , 33
179 , 97
181 , 46
183 , 81
185 , 93
135 , 20
137 , 53
139 , 13
141 , 70
143 , 60
145 , 70
147 , 87
149 , 25
153 , 40
155 , 6
157 , 85
159 , 71
161 , 61
001 , 45
003 , 63
005 , 62
007 , 98
009 , 7
011 , 38
013 , 83
015 , 97
017 , 54
019 , 95
031 , 80
033 , 22
021 , 19
023 , 37
027 , 56
029 , 78
510 , 95
001 , 6
003 , 69
005 , 91
007 , 40
009 , 93
011 , 53
013 , 72
019 , 80
017 , 4
015 , 57
001 , 44
003 , 75
005 , 89
007 , 26
009 , 50
011 , 53
013 , 94
015 , 18
017 , 33
019 , 71
021 , 18
023 , 37
025 , 6
027 , 78
029 , 46
031 , 40
033 , 55
035 , 50
037 , 86
039 , 37
041 , 66
013 , 67
019 , 47
023 , 48
025 , 98
027 , 82
028 , 44
031 , 22
035 , 98
037 , 54
041 , 33
047 , 4
049 , 34
053 , 80
057 , 59
059 , 43
061 , 13
001 , 55
003 , 34
005 , 99
006 , 48
007 , 83
009 , 36
011 , 13
015 , 86
017 , 91
021 , 51
029 , 42
033 , 98
039 , 72
043 , 12
045 , 49
051 , 32
055 , 25
001 , 8
003 , 9
005 , 8
009 , 93
011 , 75
013 , 85
017 , 64
025 , 46
031 , 43
041 , 33
045 , 33
051 , 62
053 , 43
059 , 23
063 , 86
065 , 56
067 , 88
071 , 79
075 , 72
077 , 95
081 , 25
091 , 29
103 , 70
105 , 30
113 , 18
115 , 6
119 , 23
123 , 19
069 , 82
073 , 73
079 , 94
083 , 33
007 , 43
015 , 58
019 , 44
021 , 23
023 , 17
027 , 55
033 , 99
035 , 72
037 , 15
039 , 39
043 , 11
047 , 91
049 , 13
055 , 29
057 , 7
061 , 9
085 , 76
087 , 69
089 , 90
093 , 9
095 , 71
097 , 14
099 , 29
101 , 4
107 , 67
109 , 19
117 , 21
121 , 52
029 , 13
111 , 80
041 , 4
043 , 40
045 , 12
059 , 73
063 , 74
067 , 51
069 , 28
071 , 54
001 , 33
009 , 64
013 , 73
015 , 50
017 , 13
019 , 29
021 , 48
031 , 74
039 , 55
047 , 1
049 , 90
051 , 83
053 , 16
055 , 0
057 , 38
061 , 70
065 , 43
075 , 25
083 , 50
085 , 80
087 , 19
089 , 85
093 , 84
095 , 76
099 , 15
101 , 80
103 , 65
111 , 11
113 , 57
115 , 76
117 , 27
119 , 39
121 , 20
125 , 95
127 , 18
129 , 46
131 , 43
133 , 59
141 , 26
145 , 5
147 , 64
153 , 69
155 , 75
161 , 10
167 , 15
173 , 58
175 , 11
181 , 43
193 , 25
199 , 61
003 , 27
005 , 16
007 , 10
011 , 24
023 , 13
025 , 86
027 , 89
033 , 33
035 , 85
037 , 5
143 , 71
149 , 61
151 , 93
157 , 93
159 , 81
073 , 55
077 , 4
079 , 52
081 , 28
091 , 52
097 , 8
105 , 19
107 , 58
109 , 62
123 , 68
135 , 3
137 , 30
139 , 83
165 , 44
169 , 43
171 , 73
177 , 19
179 , 39
183 , 48
185 , 10
187 , 17
189 , 40
191 , 1
195 , 22
197 , 79
163 , 82
029 , 20
073 , 65
075 , 72
079 , 37
081 , 29
083 , 54
087 , 78
089 , 0
093 , 79
095 , 63
001 , 24
003 , 17
005 , 28
007 , 91
009 , 61
011 , 7
017 , 18
027 , 71
035 , 75
037 , 72
051 , 12
053 , 15
059 , 87
067 , 14
071 , 38
077 , 48
085 , 15
091 , 19
097 , 28
099 , 41
105 , 38
013 , 75
015 , 13
019 , 32
021 , 99
023 , 13
025 , 32
029 , 54
031 , 25
033 , 99
039 , 54
041 , 65
043 , 99
045 , 26
047 , 46
049 , 77
057 , 47
061 , 71
063 , 39
065 , 11
069 , 37
101 , 84
103 , 4
055 , 41
029 , 60
031 , 72
033 , 45
037 , 87
041 , 80
043 , 76
045 , 83
047 , 69
051 , 41
053 , 20
055 , 54
057 , 75
063 , 9
065 , 55
003 , 77
019 , 28
035 , 88
039 , 4
049 , 26
059 , 21
061 , 2
079 , 52
093 , 98
095 , 44
101 , 88
137 , 86
159 , 4
175 , 50
001 , 78
005 , 13
007 , 74
009 , 87
011 , 64
013 , 24
015 , 66
017 , 49
021 , 76
023 , 99
025 , 7
027 , 92
113 , 7
115 , 5
117 , 34
119 , 85
123 , 9
125 , 43
127 , 50
129 , 71
131 , 24
067 , 28
069 , 72
071 , 44
073 , 39
075 , 66
077 , 52
081 , 31
083 , 13
085 , 25
087 , 4
089 , 14
091 , 88
097 , 94
099 , 93
103 , 82
105 , 43
107 , 33
109 , 63
111 , 24
121 , 88
133 , 41
135 , 16
139 , 28
141 , 33
143 , 2
145 , 97
147 , 32
149 , 55
151 , 51
153 , 85
155 , 8
157 , 13
161 , 85
163 , 96
165 , 50
167 , 71
169 , 85
171 , 16
173 , 17
051 , 51
053 , 14
055 , 47
059 , 14
061 , 58
001 , 61
003 , 66
009 , 92
013 , 57
023 , 6
027 , 85
039 , 48
057 , 42
065 , 2
075 , 3
087 , 8
089 , 6
095 , 68
097 , 91
101 , 47
113 , 33
117 , 73
125 , 55
133 , 6
135 , 2
137 , 71
141 , 34
005 , 83
007 , 94
011 , 69
015 , 75
017 , 48
019 , 25
021 , 1
025 , 15
029 , 78
031 , 76
033 , 19
035 , 53
037 , 54
041 , 76
043 , 80
045 , 62
047 , 84
049 , 63
093 , 53
099 , 81
103 , 87
105 , 75
107 , 10
109 , 81
111 , 92
115 , 37
119 , 39
121 , 81
123 , 21
127 , 47
063 , 0
067 , 85
069 , 61
071 , 71
073 , 28
077 , 33
079 , 25
081 , 1
083 , 69
085 , 81
091 , 33
129 , 75
131 , 90
139 , 52
143 , 79
145 , 46
147 , 75
149 , 27
151 , 90
153 , 96
059 , 10
063 , 77
067 , 55
069 , 2
071 , 73
001 , 14
003 , 46
005 , 76
007 , 95
009 , 0
011 , 79
013 , 40
015 , 65
017 , 58
019 , 66
021 , 64
023 , 87
025 , 63
033 , 81
035 , 38
039 , 24
041 , 86
043 , 93
047 , 55
051 , 32
055 , 53
061 , 13
065 , 45
027 , 99
029 , 9
031 , 98
037 , 2
045 , 60
049 , 41
053 , 7
057 , 25
009 , 14
011 , 29
013 , 66
019 , 97
021 , 34
025 , 93
035 , 57
037 , 5
039 , 11
047 , 62
053 , 57
057 , 33
063 , 82
065 , 86
067 , 88
069 , 91
073 , 13
075 , 90
077 , 68
079 , 52
001 , 92
003 , 18
005 , 31
007 , 31
015 , 98
017 , 76
027 , 88
029 , 34
031 , 66
033 , 44
041 , 16
043 , 14
045 , 37
049 , 35
051 , 78
055 , 3
059 , 58
061 , 85
071 , 0
083 , 13
089 , 29
091 , 22
095 , 91
097 , 34
099 , 89
101 , 56
103 , 85
111 , 73
123 , 76
125 , 43
127 , 23
129 , 84
133 , 76
081 , 37
085 , 95
087 , 7
093 , 29
105 , 49
107 , 22
109 , 14
023 , 84
113 , 7
115 , 1
117 , 15
119 , 31
121 , 51
131 , 80
001 , 96
003 , 30
005 , 31
007 , 57
009 , 38
021 , 37
033 , 53
037 , 37
039 , 33
047 , 13
055 , 77
059 , 46
065 , 88
069 , 66
075 , 99
079 , 37
081 , 56
091 , 18
023 , 89
001 , 81
003 , 90
005 , 82
007 , 55
009 , 79
011 , 28
013 , 51
015 , 81
017 , 62
019 , 78
025 , 6
027 , 41
029 , 38
031 , 32
035 , 62
041 , 91
043 , 7
045 , 90
049 , 77
051 , 37
053 , 13
057 , 6
061 , 41
063 , 9
067 , 37
071 , 27
073 , 35
077 , 44
083 , 41
085 , 94
087 , 62
089 , 40
013 , 38
015 , 35
019 , 23
021 , 94
025 , 90
027 , 52
029 , 19
031 , 90
033 , 50
037 , 16
039 , 26
043 , 69
045 , 76
047 , 13
049 , 17
051 , 96
053 , 32
059 , 69
061 , 18
063 , 68
065 , 83
067 , 85
071 , 94
073 , 30
077 , 39
079 , 28
081 , 43
083 , 32
003 , 58
005 , 73
007 , 80
009 , 26
011 , 21
017 , 98
023 , 74
035 , 55
041 , 99
055 , 6
069 , 84
075 , 73
085 , 54
093 , 79
095 , 57
103 , 65
111 , 24
117 , 21
123 , 59
125 , 20
137 , 36
109 , 64
113 , 75
115 , 48
119 , 54
121 , 37
127 , 35
129 , 81
135 , 80
057 , 96
087 , 6
089 , 68
091 , 56
097 , 24
099 , 42
101 , 87
105 , 13
107 , 60
067 , 90
071 , 15
075 , 96
077 , 43
083 , 55
001 , 75
003 , 91
005 , 71
009 , 86
013 , 99
019 , 60
021 , 31
025 , 79
029 , 85
031 , 97
033 , 4
035 , 47
037 , 12
041 , 89
049 , 4
053 , 18
055 , 36
057 , 80
059 , 8
063 , 62
065 , 16
069 , 90
073 , 80
079 , 85
081 , 8
085 , 9
089 , 30
091 , 41
093 , 26
097 , 90
105 , 81
107 , 92
117 , 96
119 , 31
121 , 45
123 , 34
127 , 98
129 , 26
135 , 51
141 , 11
143 , 64
145 , 51
149 , 40
151 , 39
155 , 18
159 , 84
163 , 55
165 , 30
167 , 33
183 , 92
185 , 0
187 , 39
189 , 63
007 , 0
011 , 60
015 , 93
017 , 21
023 , 78
027 , 11
039 , 75
043 , 48
045 , 97
047 , 16
051 , 25
061 , 62
147 , 81
153 , 24
157 , 52
161 , 22
087 , 52
095 , 86
099 , 99
101 , 83
103 , 51
109 , 21
111 , 40
113 , 79
115 , 49
125 , 72
131 , 37
133 , 70
137 , 76
139 , 10
169 , 50
171 , 1
173 , 40
175 , 77
177 , 33
179 , 56
181 , 70
185 , 24
189 , 65
191 , 28
199 , 60
201 , 82
203 , 91
211 , 36
213 , 39
223 , 50
225 , 69
233 , 51
241 , 36
243 , 47
261 , 15
263 , 86
269 , 49
273 , 82
277 , 38
287 , 37
289 , 81
295 , 51
301 , 9
311 , 73
313 , 54
321 , 1
327 , 43
333 , 58
339 , 74
341 , 25
343 , 96
347 , 18
349 , 28
355 , 33
217 , 7
219 , 83
221 , 24
227 , 37
229 , 44
231 , 65
235 , 91
237 , 56
367 , 44
371 , 1
373 , 76
379 , 37
383 , 28
387 , 79
391 , 69
405 , 28
407 , 55
409 , 74
411 , 79
419 , 17
423 , 1
425 , 75
435 , 14
443 , 3
447 , 75
453 , 97
455 , 63
457 , 22
467 , 61
469 , 21
473 , 71
475 , 90
481 , 68
491 , 39
495 , 48
499 , 7
507 , 89
183 , 32
193 , 84
195 , 64
197 , 35
205 , 93
207 , 0
209 , 97
215 , 54
001 , 51
003 , 24
005 , 83
007 , 22
011 , 36
015 , 4
023 , 69
025 , 74
029 , 82
035 , 19
037 , 48
039 , 4
041 , 17
051 , 44
055 , 11
057 , 67
063 , 9
067 , 59
071 , 77
073 , 43
079 , 6
083 , 59
091 , 64
101 , 98
103 , 58
105 , 39
113 , 99
119 , 47
125 , 75
127 , 56
135 , 24
153 , 73
155 , 87
157 , 44
161 , 0
167 , 61
173 , 32
175 , 11
305 , 40
307 , 51
309 , 83
315 , 73
317 , 37
319 , 88
323 , 50
239 , 71
245 , 64
247 , 49
249 , 89
251 , 60
253 , 82
255 , 21
257 , 31
259 , 53
265 , 75
267 , 52
271 , 79
275 , 91
279 , 43
281 , 32
283 , 58
285 , 45
291 , 0
293 , 69
297 , 94
299 , 18
303 , 67
403 , 21
413 , 70
415 , 94
417 , 86
421 , 35
427 , 27
429 , 25
431 , 37
433 , 39
437 , 33
325 , 70
329 , 94
331 , 78
335 , 77
337 , 40
345 , 99
351 , 74
353 , 93
357 , 69
359 , 2
361 , 57
363 , 27
365 , 63
369 , 98
375 , 87
377 , 35
381 , 67
385 , 67
393 , 99
397 , 94
399 , 53
401 , 85
439 , 36
441 , 36
445 , 35
449 , 4
451 , 25
459 , 84
461 , 62
463 , 22
465 , 11
471 , 12
497 , 19
501 , 87
503 , 31
505 , 21
009 , 89
013 , 21
017 , 83
019 , 93
479 , 19
483 , 28
485 , 82
487 , 55
489 , 3
493 , 82
097 , 70
099 , 19
107 , 17
109 , 48
111 , 2
115 , 10
117 , 68
121 , 67
123 , 28
021 , 34
027 , 43
031 , 81
033 , 14
043 , 17
045 , 66
047 , 78
049 , 83
053 , 1
059 , 96
065 , 30
069 , 15
075 , 97
077 , 41
081 , 75
085 , 53
087 , 80
089 , 87
093 , 24
095 , 72
129 , 50
131 , 90
133 , 43
137 , 4
141 , 27
143 , 62
145 , 34
147 , 69
149 , 42
151 , 48
159 , 36
163 , 4
165 , 92
169 , 35
171 , 7
177 , 7
179 , 11
181 , 10
395 , 45
477 , 38
139 , 73
061 , 74
389 , 27
187 , 85
027 , 53
033 , 73
037 , 48
039 , 90
041 , 83
053 , 3
055 , 49
045 , 42
001 , 86
003 , 24
005 , 32
007 , 91
009 , 75
011 , 56
013 , 63
015 , 7
017 , 0
019 , 38
021 , 57
023 , 48
025 , 5
029 , 60
031 , 75
035 , 30
043 , 66
047 , 60
049 , 62
051 , 72
057 , 31
015 , 2
017 , 89
019 , 78
021 , 78
023 , 64
025 , 70
027 , 74
001 , 51
003 , 54
005 , 15
007 , 53
009 , 60
011 , 8
013 , 68
021 , 13
025 , 50
035 , 74
043 , 89
045 , 55
049 , 69
065 , 97
071 , 21
075 , 56
077 , 10
079 , 46
089 , 93
099 , 86
001 , 18
003 , 43
005 , 63
007 , 57
009 , 22
015 , 88
017 , 76
019 , 75
023 , 16
027 , 42
029 , 62
031 , 58
033 , 88
036 , 50
037 , 2
041 , 44
047 , 69
051 , 32
053 , 36
057 , 37
059 , 50
061 , 9
063 , 31
067 , 70
069 , 35
073 , 34
081 , 78
083 , 97
085 , 63
087 , 11
091 , 12
093 , 30
095 , 48
097 , 30
101 , 90
107 , 10
111 , 39
113 , 57
117 , 34
121 , 48
125 , 10
127 , 98
137 , 53
139 , 32
141 , 84
143 , 57
147 , 28
161 , 59
163 , 86
165 , 60
167 , 34
171 , 96
175 , 27
177 , 98
179 , 61
185 , 47
191 , 89
193 , 3
195 , 90
570 , 21
610 , 54
678 , 9
720 , 96
790 , 92
840 , 77
105 , 85
013 , 75
103 , 19
109 , 39
115 , 93
119 , 53
131 , 15
133 , 35
135 , 90
145 , 38
149 , 25
155 , 87
157 , 54
159 , 38
169 , 49
173 , 72
181 , 11
183 , 26
187 , 3
197 , 73
199 , 22
510 , 99
515 , 62
520 , 54
530 , 9
540 , 83
550 , 63
580 , 34
590 , 15
595 , 33
600 , 24
620 , 56
630 , 59
640 , 77
650 , 68
660 , 99
670 , 53
680 , 74
683 , 72
685 , 47
690 , 45
700 , 50
710 , 37
730 , 52
735 , 37
740 , 38
750 , 65
760 , 30
770 , 40
775 , 86
800 , 82
810 , 14
820 , 62
830 , 84
153 , 70
011 , 91
001 , 16
003 , 69
005 , 34
007 , 86
009 , 98
011 , 13
013 , 6
015 , 40
017 , 48
019 , 78
021 , 5
025 , 42
027 , 73
029 , 38
031 , 73
033 , 44
035 , 40
041 , 43
043 , 42
047 , 74
049 , 42
053 , 93
055 , 42
057 , 44
061 , 17
065 , 90
067 , 10
071 , 61
073 , 41
075 , 25
077 , 93
023 , 60
039 , 92
045 , 80
051 , 85
059 , 77
063 , 21
069 , 15
037 , 5
077 , 68
079 , 24
089 , 93
091 , 83
097 , 65
001 , 29
003 , 54
005 , 54
007 , 58
009 , 45
011 , 78
013 , 43
015 , 27
019 , 78
021 , 9
025 , 92
031 , 73
033 , 16
039 , 73
041 , 58
043 , 28
045 , 85
057 , 38
059 , 32
067 , 90
071 , 78
075 , 41
081 , 87
083 , 24
085 , 56
087 , 47
093 , 53
095 , 11
099 , 50
103 , 57
109 , 77
017 , 32
023 , 74
027 , 13
029 , 20
035 , 29
037 , 49
047 , 47
049 , 37
051 , 83
053 , 91
055 , 23
061 , 46
063 , 82
065 , 46
069 , 94
073 , 69
101 , 54
105 , 21
107 , 33
053 , 34
055 , 79
059 , 15
061 , 80
063 , 15
067 , 48
001 , 19
003 , 47
005 , 12
007 , 97
009 , 39
011 , 94
015 , 72
029 , 91
033 , 31
043 , 35
057 , 0
065 , 53
075 , 63
083 , 63
097 , 23
107 , 66
111 , 64
121 , 46
137 , 2
013 , 22
017 , 49
019 , 56
021 , 9
023 , 72
025 , 52
027 , 84
031 , 25
035 , 93
037 , 18
039 , 13
041 , 74
045 , 38
047 , 16
049 , 14
051 , 17
109 , 90
113 , 69
115 , 80
117 , 24
119 , 33
123 , 81
069 , 67
071 , 99
073 , 44
077 , 17
078 , 75
079 , 69
081 , 55
085 , 91
087 , 22
089 , 16
091 , 19
093 , 41
095 , 39
099 , 67
101 , 82
103 , 66
105 , 59
125 , 58
127 , 26
129 , 49
131 , 87
133 , 15
135 , 87
139 , 34
141 , 82
009 , 21
001 , 22
003 , 45
005 , 85
007 , 45
011 , 79
013 , 2
015 , 66
017 , 12
021 , 28
029 , 36
033 , 14
035 , 64
039 , 31
041 , 1
019 , 36
023 , 7
025 , 45
027 , 95
031 , 42
037 , 65
043 , 31
045 , 55
001 , 70
013 , 46
023 , 99
033 , 34
037 , 45
049 , 70
053 , 64
054 , 96
067 , 71
095 , 77
097 , 10
113 , 69
127 , 93
135 , 81
141 , 73
041 , 85
043 , 1
045 , 80
047 , 7
051 , 58
055 , 79
003 , 6
005 , 1
007 , 50
009 , 55
011 , 29
015 , 5
017 , 68
019 , 96
021 , 80
025 , 46
027 , 82
029 , 46
031 , 75
035 , 65
039 , 83
089 , 87
091 , 26
093 , 72
099 , 81
101 , 27
103 , 47
057 , 72
059 , 15
061 , 62
063 , 37
065 , 63
069 , 89
071 , 10
073 , 73
075 , 91
077 , 91
079 , 21
081 , 16
083 , 87
085 , 85
087 , 29
143 , 23
145 , 24
147 , 59
149 , 23
151 , 58
105 , 32
107 , 28
109 , 93
111 , 21
115 , 84
117 , 92
119 , 50
121 , 14
123 , 84
125 , 19
129 , 70
131 , 15
133 , 45
137 , 40
139 , 82
153 , 13